workID,first_name,last_name,email,gender,address,salary,role,department_name,password
1,Rik,Triggs,rtriggs0@apple.com,Male,Rajadesa,$463.54 ,Electrician,Accounting,
2,Emmeline,Bramwell,ebramwell1@squarespace.com,Female,Santa Rosa de Cabal,"$1,051.57 ",Construction Expeditor,Business Development,
3,Maureen,MacFayden,mmacfayden2@livejournal.com,Female,Helixi,"$3,545.49 ",Architect,Business Development,
4,Gaultiero,Le Fevre,glefevre3@redcross.org,Male,Soanierana Ivongo,"$2,104.48 ",Estimator,Sales,
5,Laurella,Giamo,lgiamo4@discovery.com,Female,Babice,"$7,487.24 ",Surveyor,Sales,acc3ba3a5793a6b16eb74b34925c586d5f244f6fb112ac917635265227acd17d
6,Lauralee,Alleyne,lalleyne5@squidoo.com,Female,Pasir,"$1,381.40 ",Construction Worker,Product Management,
7,Brnaby,Quakley,bquakley6@fema.gov,Male,Shouxihu,3000,engineer,Services,
8,Domingo,Tripon,dtripon7@sogou.com,Male,Karangturi,"$4,787.16 ",Surveyor,Training,73ca9c97d3f5b0ce42b8737ed289306d711e8ff50bb603f09c578368161e08b5
9,Amalie,Twinn,atwinn8@businesswire.com,Female,Ossora,"$3,542.17 ",Supervisor,Accounting,
10,Rosella,Gullam,rgullam9@angelfire.com,Female,Maoping,"$3,222.89 ",Construction Expeditor,Product Management,
11,Pauline,Carty,pcartya@discovery.com,Female,Datun,"$2,817.10 ",Estimator,Services,
12,Nichols,Symper,nsymperb@aol.com,Male,Älvängen,"$5,183.24 ",Project Manager,Business Development,
13,Lexis,Weatherhill,lweatherhillc@dagondesign.com,Female,Nezamyslice,"$6,688.39 ",Supervisor,Training,
14,Tommie,Spafford,tspaffordd@bing.com,Male,Dujiajing,"$2,413.56 ",Supervisor,Accounting,
15,Barbara,Farndell,bfarndelle@telegraph.co.uk,Female,Cikandang,"$8,322.59 ",Project Manager,Training,
16,Briana,Spuner,bspunerf@stanford.edu,Female,Massaguet,"$4,622.28 ",Project Manager,Sales,
17,Diena,Totton,dtottong@istockphoto.com,Female,Zhongpai,"$2,839.37 ",Engineer,Human Resources,
18,Nap,Dillingston,ndillingstonh@livejournal.com,Male,Tabango,"$4,861.27 ",Engineer,Accounting,
19,Aurore,Rash,arashi@liveinternet.ru,Female,Mörrum,"$1,166.99 ",Architect,Support,
20,Jone,Slowly,jslowlyj@timesonline.co.uk,Male,Sentul,$205.99 ,Project Manager,Accounting,
21,Loydie,Clowney,lclowneyk@mac.com,Male,Miyakonojō,"$7,845.65 ",Engineer,Business Development,
22,Jeannette,Cremin,jcreminl@dropbox.com,Female,Puget-sur-Argens,"$8,300.71 ",Construction Foreman,Business Development,
23,Vitia,Dmych,vdmychm@princeton.edu,Female,Conima,"$1,089.78 ",Estimator,Marketing,
24,Shayne,Corben,scorbenn@google.com.hk,Female,Yelan’-Kolenovskiy,"$5,738.22 ",Surveyor,Product Management,
25,Ellwood,Streak,estreako@ftc.gov,Male,Shigu,"$3,235.43 ",Surveyor,Marketing,
26,Lainey,Islip,lislipp@latimes.com,Female,Mayisyan,"$9,154.65 ",Construction Expeditor,Services,
27,Trudey,Lipman,tlipmanq@dailymotion.com,Female,Detroit,"$4,720.92 ",Supervisor,Accounting,
28,Elias,Deverock,edeverockr@cmu.edu,Male,Łysomice,"$6,399.31 ",Architect,Marketing,
29,Nat,Normavell,nnormavells@nationalgeographic.com,Female,Rustāq,"$2,369.94 ",Construction Worker,Business Development,
30,Jay,Pennell,jpennellt@myspace.com,Male,Zaoxi,"$3,937.63 ",Project Manager,Research and Development,983bd614bb5afece5ab3b6023f71147cd7b6bc2314f9d27af7422541c6558389
31,Danette,Stothert,dstothertu@imageshack.us,Female,Lipci,"$5,123.86 ",Subcontractor,Services,
32,Cecilio,Bracer,cbracerv@utexas.edu,Male,Mādārīpur,"$6,630.13 ",Supervisor,Training,
33,Tillie,McKennan,tmckennanw@amazon.co.jp,Female,Doujia,"$2,764.20 ",Construction Foreman,Support,
34,Shelden,Kem,skemx@oakley.com,Male,Montecristi,"$2,346.80 ",Subcontractor,Marketing,
35,Blanch,Basile,bbasiley@twitpic.com,Female,Weepanapi,"$2,994.88 ",Engineer,Product Management,
36,Diann,Warrender,dwarrenderz@alibaba.com,Female,Huangbei,"$9,002.86 ",Surveyor,Support,
37,Gregor,Swanbourne,gswanbourne10@last.fm,Male,Klemunan,"$9,388.12 ",Architect,Services,
38,Alanson,Trussell,atrussell11@istockphoto.com,Male,Kokas,"$2,299.74 ",Electrician,Marketing,
39,Catherin,Grzegorzewski,cgrzegorzewski12@youtube.com,Female,Newark,"$3,407.16 ",Subcontractor,Business Development,
40,Elyse,Waby,ewaby13@princeton.edu,Female,Czarna Woda,"$1,032.85 ",Architect,Training,
41,Cordie,Pennicard,cpennicard14@simplemachines.org,Male,Berón de Astrada,"$3,847.81 ",Engineer,Training,
42,Kaile,Beevor,kbeevor15@yale.edu,Female,Valky,"$5,184.63 ",Construction Expeditor,Research and Development,
43,Lena,Ashman,lashman16@aboutads.info,Female,Wenwusha,"$6,301.54 ",Subcontractor,Training,
44,Anderea,Bloys,abloys17@goo.gl,Female,Le Tampon,"$9,794.21 ",Project Manager,Marketing,
45,Kayle,Garmons,kgarmons18@skyrock.com,Female,Kobyzhcha,$693.01 ,Construction Foreman,Product Management,
46,Gates,Scole,gscole19@free.fr,Female,Tuqiao,"$6,983.43 ",Construction Expeditor,Marketing,
47,Falito,Janu,fjanu1a@globo.com,Male,Novi Kneževac,"$3,345.25 ",Supervisor,Accounting,
48,Karol,Winsom,kwinsom1b@tinypic.com,Female,Makapanstad,"$9,077.25 ",Surveyor,Legal,
49,Erminia,Bauld,ebauld1c@stanford.edu,Female,Saijō,"$9,769.68 ",Estimator,Business Development,
50,Conni,Cammack,ccammack1d@wikimedia.org,Female,Bebedouro,$747.69 ,Surveyor,Research and Development,
51,Hartwell,Teall,hteall1e@goo.gl,Male,Mississauga,"$4,074.28 ",Estimator,Sales,
52,Redford,Bladesmith,rbladesmith1f@google.ca,Male,Uchaly,$728.17 ,Estimator,Marketing,
53,Godart,Fullard,gfullard1g@uiuc.edu,Male,Nilanapo,"$6,939.78 ",Construction Expeditor,Engineering,
54,Rana,Ganley,rganley1h@wikia.com,Female,Huertas,"$6,759.60 ",Construction Manager,Marketing,
55,Coraline,Cleeves,ccleeves1i@zdnet.com,Female,Wañgan,"$4,074.94 ",Supervisor,Product Management,7fdfb7590d84cc67de95183c6b547b72a3a031609d091f826b59ffda21037e82
56,Oates,de Verson,odeverson1j@npr.org,Male,Gunungputri,$274.00 ,Construction Foreman,Marketing,
57,Abbie,Matuszinski,amatuszinski1k@e-recht24.de,Female,Eskilstuna,"$2,261.06 ",Architect,Sales,
58,Marwin,Tigwell,mtigwell1l@ning.com,Male,Engenho,"$4,505.41 ",Surveyor,Research and Development,
59,Kerstin,Bustin,kbustin1m@cbsnews.com,Female,Kinel’-Cherkassy,"$8,269.28 ",Electrician,Training,
60,Kit,Salatino,ksalatino1n@google.com.br,Male,Iizuka,"$1,068.73 ",Surveyor,Training,
61,Ambros,Glandfield,aglandfield1o@nifty.com,Male,Ōkawa,"$7,091.83 ",Electrician,Business Development,
62,Amandi,Blowers,ablowers1p@mit.edu,Female,Tilamuta,"$1,462.07 ",Project Manager,Research and Development,
63,Esmeralda,Ozelton,eozelton1q@cargocollective.com,Female,Razan,"$1,078.51 ",Subcontractor,Product Management,
64,Taffy,Leyrroyd,tleyrroyd1r@taobao.com,Female,Quillo,"$2,719.60 ",Construction Foreman,Human Resources,
65,Moll,Tarbin,mtarbin1s@jugem.jp,Female,Dongzhou,"$7,723.06 ",Subcontractor,Human Resources,
66,Aloysia,Albert,aalbert1t@state.tx.us,Female,Göteborg,"$9,417.43 ",Estimator,Research and Development,
67,Jobie,Zanetello,jzanetello1u@imdb.com,Female,Yartsevo,"$3,195.72 ",Project Manager,Legal,
68,Merle,Ilem,milem1v@multiply.com,Male,Courtaboeuf,"$2,636.02 ",Electrician,Legal,
69,Marcello,Goodspeed,mgoodspeed1w@state.tx.us,Male,Nýřany,"$9,108.73 ",Estimator,Research and Development,
70,Leelah,Kemm,lkemm1x@newyorker.com,Female,Zaragoza,"$7,942.45 ",Construction Manager,Training,
71,Drucie,McMurty,dmcmurty1y@nih.gov,Female,Višnjevac,"$9,748.57 ",Construction Foreman,Product Management,
72,Ulick,Windless,uwindless1z@qq.com,Male,Bantal,"$3,223.42 ",Electrician,Support,
73,Giselbert,Calcut,gcalcut20@issuu.com,Male,Resapombo,"$2,495.60 ",Architect,Accounting,
74,Dom,Bedle,dbedle21@ning.com,Male,Lubin,"$1,804.63 ",Construction Manager,Services,
75,Eberto,Jouen,ejouen22@disqus.com,Male,Chenjiaba,"$6,376.81 ",Construction Manager,Sales,
76,Erek,Statham,estatham23@unicef.org,Male,Aţ Ţawīlah,"$1,414.91 ",Construction Manager,Marketing,
77,Nahum,Penvarden,npenvarden24@biglobe.ne.jp,Male,Gogosuket,"$9,497.55 ",Electrician,Marketing,
78,Debra,Caldera,dcaldera25@omniture.com,Female,Postojna,"$3,884.45 ",Construction Expeditor,Engineering,
79,Isabel,Whibley,iwhibley26@chronoengine.com,Female,Maipú,"$4,302.86 ",Architect,Support,
80,Gunter,Edgerton,gedgerton27@wp.com,Male,Shisandaogou,$447.78 ,Electrician,Marketing,
81,Ursala,Gell,ugell28@scientificamerican.com,Female,Laingsburg,"$6,043.69 ",Surveyor,Sales,
82,Harmon,Leefe,hleefe29@unc.edu,Male,Kvasiny,$650.31 ,Construction Worker,Accounting,
83,Linnell,Nickels,lnickels2a@washington.edu,Female,Youshan,"$1,779.73 ",Project Manager,Legal,
84,Melinda,Philipard,mphilipard2b@yellowbook.com,Female,Nankeng,"$3,093.03 ",Project Manager,Product Management,
85,Rosana,Willers,rwillers2c@uol.com.br,Female,Herrera,"$1,101.77 ",Construction Worker,Business Development,
86,Billie,Killelea,bkillelea2d@about.com,Female,Hukvaldy,"$4,803.15 ",Electrician,Research and Development,
87,Morlee,Cordova,mcordova2e@phoca.cz,Male,Pýli,"$9,545.30 ",Estimator,Research and Development,
88,Carin,Hyett,chyett2f@elpais.com,Female,Laxiong,"$5,272.36 ",Construction Manager,Business Development,
89,Karee,Pudan,kpudan2g@howstuffworks.com,Female,Jinan-gun,$380.35 ,Construction Worker,Support,
90,Viv,Sydes,vsydes2h@studiopress.com,Female,Tualangcut,"$9,118.37 ",Surveyor,Marketing,
91,Pail,Baumler,pbaumler2i@sphinn.com,Male,Assis,"$1,476.74 ",Supervisor,Training,
92,Catina,Livick,clivick2j@artisteer.com,Female,Kirovsk,"$8,375.16 ",Project Manager,Engineering,
93,Bink,Haszard,bhaszard2k@arizona.edu,Male,Barreiro do Jaíba,"$1,763.75 ",Subcontractor,Legal,
94,Iver,Lack,ilack2l@youtube.com,Male,Odivelas,"$4,430.24 ",Engineer,Human Resources,
95,Amaleta,Pontain,apontain2m@stanford.edu,Female,Dongfeng,$705.84 ,Estimator,Legal,
96,Erroll,Chanter,echanter2n@unblog.fr,Male,Sundsvall,"$9,315.92 ",Construction Manager,Training,
97,Dulcia,MacCaughen,dmaccaughen2o@desdev.cn,Female,Okocim,"$2,767.87 ",Engineer,Product Management,
98,Phillipp,Start,pstart2p@marriott.com,Male,Miguel Hidalgo,"$8,909.71 ",Construction Worker,Product Management,
99,Sib,Kuller,skuller2q@smugmug.com,Female,Nanger,"$6,408.23 ",Project Manager,Legal,
100,Ivette,Daniels,idaniels2r@eventbrite.com,Female,Jiuxian,8999,Construction Worker,Accounting,
101,Reinhold,Warlock,rwarlock2s@google.com.hk,Male,Tranca,"$9,193.30 ",Electrician,Product Management,
102,Jozef,Glanister,jglanister2t@yandex.ru,Male,Magay,"$6,739.49 ",Project Manager,Marketing,
103,Lelah,Merrick,lmerrick2u@wiley.com,Female,Junshan,"$9,438.13 ",Construction Manager,Legal,
104,Syd,Lowles,slowles2v@amazon.com,Male,Chervonohryhorivka,"$7,740.47 ",Architect,Training,
105,Huntlee,Segar,hsegar2w@hubpages.com,Male,Carrasqueira,"$2,711.60 ",Architect,Business Development,
106,Clarke,Kovacs,ckovacs2x@bizjournals.com,Male,Eirunepé,"$8,574.23 ",Construction Foreman,Support,
107,Eb,Manuello,emanuello2y@nsw.gov.au,Male,Manoc-Manoc,"$7,898.55 ",Architect,Services,
108,Arlinda,Pibworth,apibworth2z@360.cn,Female,Zaniemyśl,"$7,336.28 ",Construction Manager,Training,
109,Pearle,Saltmarshe,psaltmarshe30@independent.co.uk,Female,Áyios Yeóryios,"$6,715.04 ",Project Manager,Services,
110,Juliet,Baukham,jbaukham31@adobe.com,Female,Rāmsar,"$8,339.69 ",Construction Manager,Legal,
111,Niki,Kybbye,nkybbye32@github.io,Female,Monze,$422.79 ,Project Manager,Marketing,
112,Hersh,Regina,hregina33@google.fr,Male,Jorok Dalam,"$7,878.03 ",Architect,Human Resources,
113,Claire,Yarnley,cyarnley34@ezinearticles.com,Male,Madrid,$721.96 ,Construction Expeditor,Engineering,
114,Samuel,Snowling,ssnowling35@discuz.net,Male,Mogocha,"$4,882.78 ",Surveyor,Support,
115,Marthe,Bernardot,mbernardot36@dropbox.com,Female,Fenglin,$590.28 ,Project Manager,Product Management,
116,Jere,Waddilow,jwaddilow37@comcast.net,Male,Jūrīsh,"$5,246.32 ",Estimator,Training,
117,Neille,De Ortega,ndeortega38@dyndns.org,Female,Rawson,"$3,271.24 ",Construction Manager,Accounting,
118,Rosaline,Scase,rscase39@cocolog-nifty.com,Female,Isahaya,"$3,727.61 ",Construction Expeditor,Accounting,
119,Rosabelle,Paddington,rpaddington3a@ebay.com,Female,Vale de São Cosme,"$8,486.27 ",Subcontractor,Training,
120,Kylynn,Kelling,kkelling3b@wikipedia.org,Female,Chengmen,"$1,983.23 ",Architect,Accounting,
121,Winonah,Corkan,wcorkan3c@lulu.com,Female,Pallasovka,"$5,332.86 ",Electrician,Product Management,
122,Gael,Reicharz,greicharz3d@printfriendly.com,Female,Nginjen,"$4,786.18 ",Construction Manager,Research and Development,
123,Norry,Elsby,nelsby3e@fema.gov,Male,Huinca Renancó,"$5,357.90 ",Surveyor,Support,
124,Minetta,Praundl,mpraundl3f@nydailynews.com,Female,Zhaogezhuang,"$7,922.68 ",Project Manager,Sales,
125,Nerte,Le Grove,nlegrove3g@pbs.org,Female,Montbéliard,"$4,987.04 ",Project Manager,Support,
126,Loria,Myott,lmyott3h@tinypic.com,Female,Itupeva,"$5,862.32 ",Project Manager,Business Development,
127,Shalne,Hillburn,shillburn3i@tmall.com,Female,Plumbon,"$3,960.69 ",Construction Worker,Human Resources,
128,Torey,Cotterel,tcotterel3j@ftc.gov,Female,Luwingu,"$7,132.66 ",Surveyor,Support,
129,Muire,Laybourn,mlaybourn3k@nyu.edu,Female,Panguruan,"$9,964.99 ",Construction Manager,Legal,
130,Jammal,Fagence,jfagence3l@joomla.org,Male,Bells Corners,"$7,458.35 ",Construction Expeditor,Support,
131,Alisun,Burgh,aburgh3m@seattletimes.com,Female,Gon’ba,"$6,342.95 ",Electrician,Product Management,
132,Margaretta,Bisseker,mbisseker3n@netlog.com,Female,Viljandi,"$3,313.20 ",Estimator,Human Resources,
133,Merrie,Pask,mpask3o@cnet.com,Female,Mpika,"$8,493.75 ",Estimator,Sales,
134,Hoyt,Drewery,hdrewery3p@tripod.com,Male,Jialu,"$8,453.57 ",Construction Manager,Services,
135,Honoria,Krout,hkrout3q@samsung.com,Female,Sattahip,"$9,598.13 ",Construction Foreman,Product Management,
136,Yancy,Lutzmann,ylutzmann3r@cnbc.com,Male,Calaoagan,"$8,621.75 ",Construction Worker,Services,
137,Jasmine,Roos,jroos3s@zimbio.com,Female,Hongchun,"$2,458.18 ",Supervisor,Marketing,
138,Kristen,Stout,kstout3t@businessweek.com,Female,Wuyanquan,"$2,560.89 ",Construction Manager,Training,
139,Ford,Raitie,fraitie3u@stumbleupon.com,Male,Guandu,"$1,614.10 ",Architect,Sales,
140,Lianne,Gillet,lgillet3v@admin.ch,Female,Huochang,"$1,727.65 ",Architect,Human Resources,
141,Carey,Maddaford,cmaddaford3w@hubpages.com,Female,La Palma,"$6,292.07 ",Architect,Legal,
142,Sheffield,Sutherington,ssutherington3x@delicious.com,Male,Hats’avan,"$7,048.62 ",Construction Foreman,Business Development,
143,Nertie,Schimpke,nschimpke3y@github.com,Female,Cincinnati,"$2,659.30 ",Construction Foreman,Human Resources,
144,Iolande,Adriaens,iadriaens3z@aboutads.info,Female,Naebugis,"$2,261.92 ",Construction Foreman,Business Development,
145,Carri,Keates,ckeates40@virginia.edu,Female,Dayangzhou,"$6,588.67 ",Subcontractor,Product Management,
146,Tam,Gotmann,tgotmann41@loc.gov,Male,Roskoshnyy,"$3,259.21 ",Project Manager,Engineering,
147,Kenneth,Lavielle,klavielle42@shutterfly.com,Male,Sarirejo Satu,"$2,684.56 ",Engineer,Research and Development,
148,Minnnie,Bourthoumieux,mbourthoumieux43@washingtonpost.com,Female,Cañada de Gómez,"$5,729.75 ",Surveyor,Engineering,
149,Dorise,Gettings,dgettings44@nature.com,Female,Kushikino,"$7,459.47 ",Electrician,Human Resources,
150,Jerad,Simond,jsimond45@ow.ly,Male,Partenit,"$8,186.43 ",Surveyor,Business Development,
151,Franky,Belleny,fbelleny46@vk.com,Male,San Jerónimo,"$3,660.68 ",Subcontractor,Business Development,
152,Vivienne,Axton,vaxton47@webnode.com,Female,Jinshan,"$1,140.95 ",Construction Expeditor,Accounting,
153,Lynn,Dubble,ldubble48@issuu.com,Female,Espinosa,"$9,824.72 ",Construction Expeditor,Research and Development,
154,Merry,Peacher,mpeacher49@w3.org,Female,Tenjolaya,"$2,975.34 ",Project Manager,Support,
155,Hogan,Foye,hfoye4a@istockphoto.com,Male,Jenamas,"$9,115.64 ",Construction Expeditor,Sales,
156,Gilberto,Whieldon,gwhieldon4b@usda.gov,Male,København,"$2,532.38 ",Construction Manager,Training,
157,Symon,Marion,smarion4c@ovh.net,Male,Ganxi,"$2,881.04 ",Supervisor,Sales,
158,Tod,Thame,tthame4d@forbes.com,Male,Ar Ramāḑīn,"$8,463.03 ",Electrician,Product Management,
159,Major,Collings,mcollings4e@google.nl,Male,Acharnés,$274.52 ,Construction Expeditor,Marketing,
160,Xenos,Averall,xaverall4f@bravesites.com,Male,Nai Harn,"$7,453.74 ",Architect,Business Development,
161,Ivar,Boocock,iboocock4g@twitter.com,Male,Amnat Charoen,"$2,176.66 ",Electrician,Research and Development,
162,Farlay,Josiah,fjosiah4h@army.mil,Male,Assiniboia,"$5,803.89 ",Estimator,Research and Development,
163,Esme,Styant,estyant4i@paginegialle.it,Female,Bassar,"$4,369.90 ",Surveyor,Business Development,
164,Aloysius,Cardillo,acardillo4j@rambler.ru,Male,Rennes,"$4,454.89 ",Supervisor,Product Management,
165,Addi,Mussolini,amussolini4k@nsw.gov.au,Female,Pasiragung,"$7,860.33 ",Estimator,Marketing,
166,Joelie,Seear,jseear4l@google.it,Female,Tršić,"$6,398.18 ",Engineer,Accounting,
167,Brad,Goatcher,bgoatcher4m@oaic.gov.au,Male,Titab,"$3,103.06 ",Supervisor,Product Management,
168,Westbrook,Dimock,wdimock4n@dmoz.org,Male,Carvalhinho,"$8,568.96 ",Estimator,Support,
169,Fergus,Shankster,fshankster4o@canalblog.com,Male,Belfast,"$7,396.16 ",Construction Foreman,Accounting,
170,Merrel,Southerden,msoutherden4p@t-online.de,Male,Tsagaan-Ovoo,"$4,299.99 ",Project Manager,Business Development,
171,Stacy,Bradburn,sbradburn4q@dailymotion.com,Male,Qaram Qōl,"$1,403.47 ",Construction Manager,Engineering,
172,Nariko,Stones,nstones4r@fda.gov,Female,Duisburg,"$2,945.70 ",Construction Foreman,Engineering,
173,Ebonee,Hanton,ehanton4s@fda.gov,Female,Guisguis,"$9,983.66 ",Construction Foreman,Accounting,
174,Loydie,Grunwald,lgrunwald4t@cpanel.net,Male,San Javier,"$8,792.61 ",Estimator,Accounting,
175,Winonah,Bignell,wbignell4u@theatlantic.com,Female,Stockholm,"$2,672.77 ",Construction Expeditor,Product Management,
176,Kathleen,Minghetti,kminghetti4v@cbslocal.com,Female,Chatturat,"$3,521.92 ",Project Manager,Support,
177,Emalee,Bromby,ebromby4w@alibaba.com,Female,Zhishan,"$5,753.36 ",Supervisor,Legal,
178,Mady,Forrest,mforrest4x@psu.edu,Female,Pulau Pinang,"$4,883.27 ",Construction Expeditor,Support,
179,Rena,Bertenshaw,rbertenshaw4y@seattletimes.com,Female,Kangani,"$5,898.63 ",Construction Expeditor,Legal,
180,Bryce,Cosh,bcosh4z@cocolog-nifty.com,Male,Vol’no-Nadezhdinskoye,"$1,377.36 ",Estimator,Business Development,
181,Jennee,Brunner,jbrunner50@dailymail.co.uk,Female,Xarag,$559.80 ,Supervisor,Product Management,
182,Ulrick,Heffernan,uheffernan51@yellowpages.com,Male,Bambor,"$6,873.98 ",Construction Expeditor,Services,
183,Larine,Skpsey,lskpsey52@mlb.com,Female,Nggalak,"$7,546.24 ",Electrician,Marketing,
184,Sisely,Strooband,sstrooband53@blogtalkradio.com,Female,Zapolyarnyy,"$9,864.61 ",Subcontractor,Support,
185,Arvy,Shadbolt,ashadbolt54@chicagotribune.com,Male,Bachaquero,"$1,305.76 ",Surveyor,Sales,
186,Curtice,Casswell,ccasswell55@networksolutions.com,Male,Kebonsari Kidul,"$5,871.23 ",Project Manager,Accounting,
187,Nicol,Sharer,nsharer56@vimeo.com,Female,Gap,"$7,449.54 ",Supervisor,Services,
188,Dedie,Reiner,dreiner57@histats.com,Female,Huayana,"$7,575.48 ",Construction Foreman,Accounting,
189,Carolann,Porcas,cporcas58@who.int,Female,Montaneza,"$2,483.01 ",Construction Manager,Support,
190,Nessy,Struijs,nstruijs59@dell.com,Female,Bunog,"$5,688.15 ",Construction Expeditor,Product Management,
191,Poppy,Suddell,psuddell5a@mozilla.org,Female,Boldumsaz,"$6,426.49 ",Surveyor,Business Development,
192,Cece,Letixier,cletixier5b@economist.com,Male,Mahdishahr,"$1,879.73 ",Engineer,Sales,
193,Clara,Braisby,cbraisby5c@dailymail.co.uk,Female,Basa,"$8,414.24 ",Electrician,Human Resources,
194,Bogart,Ilyas,bilyas5d@prnewswire.com,Male,Baiyanghe,"$4,057.08 ",Engineer,Support,
195,Doro,Dmitrievski,ddmitrievski5e@studiopress.com,Female,Candelária,"$5,830.00 ",Construction Expeditor,Marketing,
196,Witty,Klass,wklass5f@cam.ac.uk,Male,Kyŏngsŏng,"$5,198.57 ",Estimator,Business Development,0df3c92aeba85a60ef6bd8f2e165a85e6be834e1a78ad73353a2a35d76217cba
197,Grazia,Kiraly,gkiraly5g@chron.com,Female,Kiruna,$373.86 ,Estimator,Research and Development,e35a67696bba8a9180b0a8cd6e71e655eeb3400ae971fc44f84e31bb36a830e1
198,Anetta,Auckland,aauckland5h@nba.com,Female,Selorejo,"$2,574.09 ",Engineer,Human Resources,7a3224372af936d937a17cea983368f89c10b9a932adba0d8b1be95b3b7158c5
199,Isador,Haddon,ihaddon5i@businessinsider.com,Male,Ngaruawahia,"$5,942.04 ",Construction Manager,Marketing,3f8b70b9ae17677f8cd13a6fcf261bd93389c1b92afbe0235c96f85113178679
200,Winona,D'Agostino,wdagostino5j@sfgate.com,Female,Bimbo,"$1,832.77 ",Estimator,Research and Development,1b23bed67e8268cce0114d6afa0b93ed544422e2f9c65eb292309cacb2232a4d
